Slot,Total,Attended,Absent_Remote,Attendance_Rate,N_numeric,Mean,Std,Median,Q1,Q3,IQR,Min,Max,Skewness,Kurtosis,MAD,N_missing_marks,Outlier_count_IQR
September 24th,48,45,3,0.9375,45,22.066666666666666,6.3116054721729595,22.0,17.0,27.0,10.0,8.0,33.0,-0.028905953606473033,-0.829737195334388,5.0,3,0
September 26th,103,99,4,0.9611650485436893,99,22.949494949494948,5.850821915702096,23.0,19.0,27.0,8.0,5.0,35.0,-0.4939131168173664,0.42245425153249094,4.0,4,1
